START_DATE,START_TIME,START_TIME_ET,SUBJECT,LOCATION,DESCRIPTION,END_DATE,END_DATE_ET,END_TIME,END_TIME_ET,REMINDER_OFF,REMINDER_ON,REMINDER_DATE,REMINDER_TIME,REMINDER_TIME_ET,SHOWTIMEAS_FREE,SHOWTIMEAS_BUSY
03/04/15,12:05 PM,03:05 PM,White Sox at Dodgers,Camelback Ranch,"Local TV: MLBN (delay) -- SportsNet LA ----- Local Radio: KTNQ 1020 -- 570 LA Sports",03/04/15,03/04/15,03:05 PM,06:05 PM,FALSE,TRUE,03/04/15,11:05 AM,02:05 PM,FREE,BUSY
03/05/15,12:05 PM,03:05 PM,Dodgers at White Sox,Camelback Ranch,"Local TV: MLBN -- SportsNet LA ----- Local Radio: 570 LA Sports",03/05/15,03/05/15,03:05 PM,06:05 PM,FALSE,TRUE,03/05/15,11:05 AM,02:05 PM,FREE,BUSY
03/06/15,12:05 PM,03:05 PM,Dodgers at Brewers,Maryvale Baseball Park,"Local TV: MLBN (delay)",03/06/15,03/06/15,03:05 PM,06:05 PM,FALSE,TRUE,03/06/15,11:05 AM,02:05 PM,FREE,BUSY
03/06/15,12:05 PM,03:05 PM,Mariners at Dodgers,Camelback Ranch,"Local TV: SportsNet LA -- MLBN (delay) ----- Local Radio: 570 LA Sports",03/06/15,03/06/15,03:05 PM,06:05 PM,FALSE,TRUE,03/06/15,11:05 AM,02:05 PM,FREE,BUSY
03/07/15,12:05 PM,03:05 PM,Dodgers at Indians,Goodyear Ballpark,"Local TV: MLBN (delay) -- SportsNet LA ----- Local Radio: 570 LA Sports -- KTNQ 1020",03/07/15,03/07/15,03:05 PM,06:05 PM,FALSE,TRUE,03/07/15,11:05 AM,02:05 PM,FREE,BUSY
03/08/15,01:05 PM,04:05 PM,Brewers at Dodgers,Camelback Ranch,"Local TV: MLBN (delay) -- SportsNet LA ----- Local Radio: 570 LA Sports -- KTNQ 1020",03/08/15,03/08/15,04:05 PM,07:05 PM,FALSE,TRUE,03/08/15,12:05 PM,03:05 PM,FREE,BUSY
03/09/15,01:05 PM,04:05 PM,Dodgers at Giants,Scottsdale Stadium,"Local TV: SportsNet LA -- MLBN (delay)",03/09/15,03/09/15,04:05 PM,07:05 PM,FALSE,TRUE,03/09/15,12:05 PM,03:05 PM,FREE,BUSY
03/10/15,01:05 PM,04:05 PM,Rockies at Dodgers,Camelback Ranch,"Local TV: SportsNet LA -- MLBN (delay)",03/10/15,03/10/15,04:05 PM,07:05 PM,FALSE,TRUE,03/10/15,12:05 PM,03:05 PM,FREE,BUSY
03/11/15,01:05 PM,04:05 PM,Dodgers at Cubs,Sloan Park,"Local TV: MLBN -- SportsNet LA",03/11/15,03/11/15,04:05 PM,07:05 PM,FALSE,TRUE,03/11/15,12:05 PM,03:05 PM,FREE,BUSY
03/12/15,06:30 PM,09:30 PM,Dodgers at Padres,Peoria Stadium,"Local TV: MLBN -- SportsNet LA",03/12/15,03/13/15,09:30 PM,12:30 AM,FALSE,TRUE,03/12/15,05:30 PM,08:30 PM,FREE,BUSY
03/13/15,07:05 PM,10:05 PM,Reds at Dodgers,Camelback Ranch,"Local TV: MLBN (delay) -- SportsNet LA ----- Local Radio: 570 LA Sports",03/13/15,03/14/15,10:05 PM,01:05 AM,FALSE,TRUE,03/13/15,06:05 PM,09:05 PM,FREE,BUSY
03/14/15,01:05 PM,04:05 PM,Indians at Dodgers,Camelback Ranch,"Local TV: MLBN (delay) -- SportsNet LA ----- Local Radio: KTNQ 1020 -- 570 LA Sports",03/14/15,03/14/15,04:05 PM,07:05 PM,FALSE,TRUE,03/14/15,12:05 PM,03:05 PM,FREE,BUSY
03/15/15,01:05 PM,04:05 PM,Dodgers at Mariners,Peoria Stadium,"Local TV: SportsNet LA -- MLBN (delay) ----- Local Radio: KTNQ 1020 -- 570 LA Sports",03/15/15,03/15/15,04:05 PM,07:05 PM,FALSE,TRUE,03/15/15,12:05 PM,03:05 PM,FREE,BUSY
03/16/15,01:05 PM,04:05 PM,Athletics at Dodgers,Camelback Ranch,"Local TV: MLBN (delay) -- SportsNet LA",03/16/15,03/16/15,04:05 PM,07:05 PM,FALSE,TRUE,03/16/15,12:05 PM,03:05 PM,FREE,BUSY
03/17/15,01:05 PM,04:05 PM,Dodgers at Rangers,Surprise Stadium,"Local TV: SportsNet LA",03/17/15,03/17/15,04:05 PM,07:05 PM,FALSE,TRUE,03/17/15,12:05 PM,03:05 PM,FREE,BUSY
03/18/15,01:05 PM,04:05 PM,Cubs at Dodgers,Camelback Ranch,"Local TV: MLBN (delay) -- SportsNet LA",03/18/15,03/18/15,04:05 PM,07:05 PM,FALSE,TRUE,03/18/15,12:05 PM,03:05 PM,FREE,BUSY
03/19/15,01:05 PM,04:05 PM,Angels at Dodgers,Camelback Ranch,"Local TV: SportsNet LA ----- Local Radio: 570 LA Sports",03/19/15,03/19/15,04:05 PM,07:05 PM,FALSE,TRUE,03/19/15,12:05 PM,03:05 PM,FREE,BUSY
03/20/15,05:05 PM,08:05 PM,Dodgers at Rangers,Alamodome,,03/20/15,03/20/15,08:05 PM,11:05 PM,FALSE,TRUE,03/20/15,04:05 PM,07:05 PM,FREE,BUSY
03/20/15,01:05 PM,04:05 PM,Dodgers at Athletics,HoHoKam Stadium,"Local TV: SportsNet LA",03/20/15,03/20/15,04:05 PM,07:05 PM,FALSE,TRUE,03/20/15,12:05 PM,03:05 PM,FREE,BUSY
03/21/15,11:05 AM,02:05 PM,Dodgers at Rangers,Alamodome,,03/21/15,03/21/15,02:05 PM,05:05 PM,FALSE,TRUE,03/21/15,10:05 AM,01:05 PM,FREE,BUSY
03/21/15,01:10 PM,04:10 PM,Dodgers at Rockies,Salt River Fields at Talking Stick,"Local TV: SportsNet LA ----- Local Radio: KTNQ 1020 -- 570 LA Sports",03/21/15,03/21/15,04:10 PM,07:10 PM,FALSE,TRUE,03/21/15,12:10 PM,03:10 PM,FREE,BUSY
03/22/15,01:05 PM,04:05 PM,Indians at Dodgers,Camelback Ranch,"Local TV: MLBN (delay) -- SportsNet LA ----- Local Radio: KTNQ 1020 -- 570 LA Sports",03/22/15,03/22/15,04:05 PM,07:05 PM,FALSE,TRUE,03/22/15,12:05 PM,03:05 PM,FREE,BUSY
03/23/15,01:05 PM,04:05 PM,D-backs at Dodgers,Camelback Ranch,"Local TV: MLBN (delay) -- SportsNet LA",03/23/15,03/23/15,04:05 PM,07:05 PM,FALSE,TRUE,03/23/15,12:05 PM,03:05 PM,FREE,BUSY
03/25/15,01:05 PM,04:05 PM,Padres at Dodgers,Camelback Ranch,"Local TV: SportsNet LA",03/25/15,03/25/15,04:05 PM,07:05 PM,FALSE,TRUE,03/25/15,12:05 PM,03:05 PM,FREE,BUSY
03/26/15,01:05 PM,04:05 PM,Dodgers at White Sox,Camelback Ranch,"Local TV: SportsNet LA",03/26/15,03/26/15,04:05 PM,07:05 PM,FALSE,TRUE,03/26/15,12:05 PM,03:05 PM,FREE,BUSY
03/27/15,07:05 PM,10:05 PM,Giants at Dodgers,Camelback Ranch,"Local TV: MLBN (delay) -- SportsNet LA ----- Local Radio: 570 LA Sports",03/27/15,03/28/15,10:05 PM,01:05 AM,FALSE,TRUE,03/27/15,06:05 PM,09:05 PM,FREE,BUSY
03/28/15,01:10 PM,04:10 PM,Dodgers at Angels,Tempe Diablo Stadium,"Local TV: SportsNet LA ----- Local Radio: 570 LA Sports",03/28/15,03/28/15,04:10 PM,07:10 PM,FALSE,TRUE,03/28/15,12:10 PM,03:10 PM,FREE,BUSY
03/29/15,01:05 PM,04:05 PM,Dodgers at Giants,Scottsdale Stadium,"Local TV: SportsNet LA",03/29/15,03/29/15,04:05 PM,07:05 PM,FALSE,TRUE,03/29/15,12:05 PM,03:05 PM,FREE,BUSY
03/29/15,01:05 PM,04:05 PM,Rangers at Dodgers,Camelback Ranch,"Local Radio: 570 LA Sports",03/29/15,03/29/15,04:05 PM,07:05 PM,FALSE,TRUE,03/29/15,12:05 PM,03:05 PM,FREE,BUSY
03/30/15,01:10 PM,04:10 PM,Dodgers at D-backs,Salt River Fields at Talking Stick,"Local TV: MLBN (delay) -- SportsNet LA",03/30/15,03/30/15,04:10 PM,07:10 PM,FALSE,TRUE,03/30/15,12:10 PM,03:10 PM,FREE,BUSY
03/31/15,01:05 PM,04:05 PM,White Sox at Dodgers,Camelback Ranch,"Local TV: SportsNet LA",03/31/15,03/31/15,04:05 PM,07:05 PM,FALSE,TRUE,03/31/15,12:05 PM,03:05 PM,FREE,BUSY
04/01/15,12:05 PM,03:05 PM,Dodgers at Royals,Surprise Stadium,"Local TV: MLBN (delay) -- SportsNet LA",04/01/15,04/01/15,03:05 PM,06:05 PM,FALSE,TRUE,04/01/15,11:05 AM,02:05 PM,FREE,BUSY
04/02/15,07:05 PM,10:05 PM,Dodgers at Angels,Angel Stadium of Anaheim,"Local TV: SportsNet LA -- MLBN (delay) ----- Local Radio: 570 LA Sports",04/02/15,04/03/15,10:05 PM,01:05 AM,FALSE,TRUE,04/02/15,06:05 PM,09:05 PM,FREE,BUSY
04/03/15,07:05 PM,10:05 PM,Dodgers at Angels,Angel Stadium of Anaheim,"Local TV: SportsNet LA ----- Local Radio: 570 LA Sports",04/03/15,04/04/15,10:05 PM,01:05 AM,FALSE,TRUE,04/03/15,06:05 PM,09:05 PM,FREE,BUSY
04/04/15,06:10 PM,09:10 PM,Angels at Dodgers,Dodger Stadium,"Local TV: MLBN -- SportsNet LA ----- Local Radio: KTNQ 1020 -- 570 LA Sports",04/04/15,04/05/15,09:10 PM,12:10 AM,FALSE,TRUE,04/04/15,05:10 PM,08:10 PM,FREE,BUSY
04/06/15,01:10 PM,04:10 PM,Padres at Dodgers,Dodger Stadium,"Local TV: SNLA Spanish -- SportsNet LA ----- Local Radio: 570 LA Sports -- KMBC -- KTNQ 1020",04/06/15,04/06/15,04:10 PM,07:10 PM,FALSE,TRUE,04/06/15,12:10 PM,03:10 PM,FREE,BUSY
04/07/15,07:10 PM,10:10 PM,Padres at Dodgers,Dodger Stadium,"Local TV: SportsNet LA -- SNLA Spanish ----- Local Radio: KMBC -- 570 LA Sports -- KTNQ 1020",04/07/15,04/08/15,10:10 PM,01:10 AM,FALSE,TRUE,04/07/15,06:10 PM,09:10 PM,FREE,BUSY
04/08/15,07:10 PM,10:10 PM,Padres at Dodgers,Dodger Stadium,"Local TV: SNLA Spanish -- SportsNet LA -- ESPN ----- Local Radio: KTNQ 1020 -- 570 LA Sports -- KMBC",04/08/15,04/09/15,10:10 PM,01:10 AM,FALSE,TRUE,04/08/15,06:10 PM,09:10 PM,FREE,BUSY
04/10/15,06:40 PM,09:40 PM,Dodgers at D-backs,Chase Field,"Local TV: SNLA Spanish -- SportsNet LA ----- Local Radio: KTNQ 1020 -- 570 LA Sports",04/10/15,04/11/15,09:40 PM,12:40 AM,FALSE,TRUE,04/10/15,05:40 PM,08:40 PM,FREE,BUSY
04/11/15,05:10 PM,08:10 PM,Dodgers at D-backs,Chase Field,"Local TV: SportsNet LA -- SNLA Spanish ----- Local Radio: KTNQ 1020 -- 570 LA Sports",04/11/15,04/11/15,08:10 PM,11:10 PM,FALSE,TRUE,04/11/15,04:10 PM,07:10 PM,FREE,BUSY
04/12/15,01:10 PM,04:10 PM,Dodgers at D-backs,Chase Field,"Local TV: SNLA Spanish -- SportsNet LA ----- Local Radio: KTNQ 1020 -- 570 LA Sports",04/12/15,04/12/15,04:10 PM,07:10 PM,FALSE,TRUE,04/12/15,12:10 PM,03:10 PM,FREE,BUSY
04/13/15,07:10 PM,10:10 PM,Mariners at Dodgers,Dodger Stadium,"Local TV: SportsNet LA -- SNLA Spanish ----- Local Radio: 570 LA Sports -- KTNQ 1020",04/13/15,04/14/15,10:10 PM,01:10 AM,FALSE,TRUE,04/13/15,06:10 PM,09:10 PM,FREE,BUSY
04/14/15,07:10 PM,10:10 PM,Mariners at Dodgers,Dodger Stadium,"Local TV: SportsNet LA -- SNLA Spanish ----- Local Radio: KMBC -- 570 LA Sports -- KTNQ 1020",04/14/15,04/15/15,10:10 PM,01:10 AM,FALSE,TRUE,04/14/15,06:10 PM,09:10 PM,FREE,BUSY
04/15/15,07:10 PM,10:10 PM,Mariners at Dodgers,Dodger Stadium,"Local TV: ESPN2 -- SportsNet LA -- SNLA Spanish ----- Local Radio: KTNQ 1020 -- 570 LA Sports",04/15/15,04/16/15,10:10 PM,01:10 AM,FALSE,TRUE,04/15/15,06:10 PM,09:10 PM,FREE,BUSY
04/17/15,07:10 PM,10:10 PM,Rockies at Dodgers,Dodger Stadium,"Local TV: SportsNet LA -- SNLA Spanish ----- Local Radio: KTNQ 1020 -- 570 LA Sports",04/17/15,04/18/15,10:10 PM,01:10 AM,FALSE,TRUE,04/17/15,06:10 PM,09:10 PM,FREE,BUSY
04/18/15,06:10 PM,09:10 PM,Rockies at Dodgers,Dodger Stadium,"Local TV: SportsNet LA -- SNLA Spanish ----- Local Radio: 570 LA Sports -- KTNQ 1020",04/18/15,04/19/15,09:10 PM,12:10 AM,FALSE,TRUE,04/18/15,05:10 PM,08:10 PM,FREE,BUSY
04/19/15,01:10 PM,04:10 PM,Rockies at Dodgers,Dodger Stadium,"Local TV: SportsNet LA -- SNLA Spanish ----- Local Radio: 570 LA Sports -- KTNQ 1020",04/19/15,04/19/15,04:10 PM,07:10 PM,FALSE,TRUE,04/19/15,12:10 PM,03:10 PM,FREE,BUSY
04/21/15,07:15 PM,10:15 PM,Dodgers at Giants,AT&T Park,"Local TV: SNLA Spanish -- SportsNet LA ----- Local Radio: KMBC -- KTNQ 1020 -- 570 LA Sports",04/21/15,04/22/15,10:15 PM,01:15 AM,FALSE,TRUE,04/21/15,06:15 PM,09:15 PM,FREE,BUSY
04/22/15,07:15 PM,10:15 PM,Dodgers at Giants,AT&T Park,"Local TV: SportsNet LA -- SNLA Spanish ----- Local Radio: KMBC -- KTNQ 1020 -- 570 LA Sports",04/22/15,04/23/15,10:15 PM,01:15 AM,FALSE,TRUE,04/22/15,06:15 PM,09:15 PM,FREE,BUSY
04/23/15,12:45 PM,03:45 PM,Dodgers at Giants,AT&T Park,"Local TV: SportsNet LA -- SNLA Spanish ----- Local Radio: 570 LA Sports -- KTNQ 1020 -- KMBC",04/23/15,04/23/15,03:45 PM,06:45 PM,FALSE,TRUE,04/23/15,11:45 AM,02:45 PM,FREE,BUSY
04/24/15,07:10 PM,10:10 PM,Dodgers at Padres,Petco Park,"Local TV: SNLA Spanish -- SportsNet LA ----- Local Radio: 570 LA Sports -- KTNQ 1020",04/24/15,04/25/15,10:10 PM,01:10 AM,FALSE,TRUE,04/24/15,06:10 PM,09:10 PM,FREE,BUSY
04/25/15,05:40 PM,08:40 PM,Dodgers at Padres,Petco Park,"Local TV: SNLA Spanish -- SportsNet LA ----- Local Radio: KTNQ 1020 -- KMBC -- 570 LA Sports",04/25/15,04/25/15,08:40 PM,11:40 PM,FALSE,TRUE,04/25/15,04:40 PM,07:40 PM,FREE,BUSY
04/26/15,01:10 PM,04:10 PM,Dodgers at Padres,Petco Park,"Local TV: SNLA Spanish -- SportsNet LA ----- Local Radio: KTNQ 1020 -- 570 LA Sports -- KMBC",04/26/15,04/26/15,04:10 PM,07:10 PM,FALSE,TRUE,04/26/15,12:10 PM,03:10 PM,FREE,BUSY
04/27/15,07:10 PM,10:10 PM,Giants at Dodgers,Dodger Stadium,"Local TV: SportsNet LA -- SNLA Spanish ----- Local Radio: 570 LA Sports -- KTNQ 1020 -- KMBC",04/27/15,04/28/15,10:10 PM,01:10 AM,FALSE,TRUE,04/27/15,06:10 PM,09:10 PM,FREE,BUSY
04/28/15,07:10 PM,10:10 PM,Giants at Dodgers,Dodger Stadium,"Local TV: SportsNet LA -- SNLA Spanish ----- Local Radio: KMBC -- KTNQ 1020 -- 570 LA Sports",04/28/15,04/29/15,10:10 PM,01:10 AM,FALSE,TRUE,04/28/15,06:10 PM,09:10 PM,FREE,BUSY
04/29/15,07:10 PM,10:10 PM,Giants at Dodgers,Dodger Stadium,"Local TV: SNLA Spanish -- SportsNet LA ----- Local Radio: 570 LA Sports -- KTNQ 1020 -- KMBC",04/29/15,04/30/15,10:10 PM,01:10 AM,FALSE,TRUE,04/29/15,06:10 PM,09:10 PM,FREE,BUSY
05/01/15,07:10 PM,10:10 PM,D-backs at Dodgers,Dodger Stadium,"Local TV: SNLA Spanish -- SportsNet LA ----- Local Radio: KTNQ 1020 -- 570 LA Sports",05/01/15,05/02/15,10:10 PM,01:10 AM,FALSE,TRUE,05/01/15,06:10 PM,09:10 PM,FREE,BUSY
05/02/15,06:10 PM,09:10 PM,D-backs at Dodgers,Dodger Stadium,"Local TV: SNLA Spanish -- SportsNet LA ----- Local Radio: KTNQ 1020 -- 570 LA Sports -- KMBC",05/02/15,05/03/15,09:10 PM,12:10 AM,FALSE,TRUE,05/02/15,05:10 PM,08:10 PM,FREE,BUSY
05/03/15,01:10 PM,04:10 PM,D-backs at Dodgers,Dodger Stadium,"Local TV: SNLA Spanish -- SportsNet LA ----- Local Radio: KMBC -- KTNQ 1020 -- 570 LA Sports",05/03/15,05/03/15,04:10 PM,07:10 PM,FALSE,TRUE,05/03/15,12:10 PM,03:10 PM,FREE,BUSY
05/04/15,04:20 PM,07:20 PM,Dodgers at Brewers,Miller Park,"Local TV: SNLA Spanish -- SportsNet LA ----- Local Radio: KTNQ 1020 -- 570 LA Sports",05/04/15,05/04/15,07:20 PM,10:20 PM,FALSE,TRUE,05/04/15,03:20 PM,06:20 PM,FREE,BUSY
05/05/15,05:10 PM,08:10 PM,Dodgers at Brewers,Miller Park,"Local TV: SNLA Spanish -- SportsNet LA ----- Local Radio: KTNQ 1020 -- 570 LA Sports",05/05/15,05/05/15,08:10 PM,11:10 PM,FALSE,TRUE,05/05/15,04:10 PM,07:10 PM,FREE,BUSY
05/06/15,05:10 PM,08:10 PM,Dodgers at Brewers,Miller Park,"Local TV: SNLA Spanish -- SportsNet LA ----- Local Radio: KTNQ 1020 -- 570 LA Sports",05/06/15,05/06/15,08:10 PM,11:10 PM,FALSE,TRUE,05/06/15,04:10 PM,07:10 PM,FREE,BUSY
05/07/15,10:40 AM,01:40 PM,Dodgers at Brewers,Miller Park,"Local TV: SportsNet LA -- SNLA Spanish ----- Local Radio: KTNQ 1020 -- 570 LA Sports -- KMBC",05/07/15,05/07/15,01:40 PM,04:40 PM,FALSE,TRUE,05/07/15,09:40 AM,12:40 PM,FREE,BUSY
05/08/15,05:40 PM,08:40 PM,Dodgers at Rockies,Coors Field,"Local TV: SNLA Spanish -- SportsNet LA ----- Local Radio: 570 LA Sports -- KTNQ 1020",05/08/15,05/08/15,08:40 PM,11:40 PM,FALSE,TRUE,05/08/15,04:40 PM,07:40 PM,FREE,BUSY
05/09/15,05:10 PM,08:10 PM,Dodgers at Rockies,Coors Field,"Local TV: SNLA Spanish -- SportsNet LA ----- Local Radio: 570 LA Sports -- KTNQ 1020",05/09/15,05/09/15,08:10 PM,11:10 PM,FALSE,TRUE,05/09/15,04:10 PM,07:10 PM,FREE,BUSY
05/10/15,01:10 PM,04:10 PM,Dodgers at Rockies,Coors Field,"Local TV: SNLA Spanish -- SportsNet LA ----- Local Radio: KTNQ 1020 -- 570 LA Sports",05/10/15,05/10/15,04:10 PM,07:10 PM,FALSE,TRUE,05/10/15,12:10 PM,03:10 PM,FREE,BUSY
05/11/15,07:10 PM,10:10 PM,Marlins at Dodgers,Dodger Stadium,"Local TV: SNLA Spanish -- SportsNet LA ----- Local Radio: KTNQ 1020 -- 570 LA Sports",05/11/15,05/12/15,10:10 PM,01:10 AM,FALSE,TRUE,05/11/15,06:10 PM,09:10 PM,FREE,BUSY
05/12/15,07:10 PM,10:10 PM,Marlins at Dodgers,Dodger Stadium,"Local TV: SportsNet LA -- SNLA Spanish ----- Local Radio: 570 LA Sports -- KTNQ 1020 -- KMBC",05/12/15,05/13/15,10:10 PM,01:10 AM,FALSE,TRUE,05/12/15,06:10 PM,09:10 PM,FREE,BUSY
05/13/15,04:50 PM,07:50 PM,Marlins at Dodgers,Dodger Stadium,"Local TV: SportsNet LA -- SNLA Spanish ----- Local Radio: KTNQ 1020 -- 570 LA Sports",05/13/15,05/13/15,07:50 PM,10:50 PM,FALSE,TRUE,05/13/15,03:50 PM,06:50 PM,FREE,BUSY
05/14/15,07:10 PM,10:10 PM,Rockies at Dodgers,Dodger Stadium,"Local TV: SNLA Spanish -- SportsNet LA ----- Local Radio: KTNQ 1020 -- 570 LA Sports",05/14/15,05/15/15,10:10 PM,01:10 AM,FALSE,TRUE,05/14/15,06:10 PM,09:10 PM,FREE,BUSY
05/15/15,07:10 PM,10:10 PM,Rockies at Dodgers,Dodger Stadium,"Local TV: SportsNet LA -- SNLA Spanish ----- Local Radio: KTNQ 1020 -- 570 LA Sports",05/15/15,05/16/15,10:10 PM,01:10 AM,FALSE,TRUE,05/15/15,06:10 PM,09:10 PM,FREE,BUSY
05/16/15,06:10 PM,09:10 PM,Rockies at Dodgers,Dodger Stadium,"Local TV: SNLA Spanish -- SportsNet LA ----- Local Radio: KTNQ 1020 -- 570 LA Sports",05/16/15,05/17/15,09:10 PM,12:10 AM,FALSE,TRUE,05/16/15,05:10 PM,08:10 PM,FREE,BUSY
05/17/15,01:10 PM,04:10 PM,Rockies at Dodgers,Dodger Stadium,"Local TV: SportsNet LA -- SNLA Spanish ----- Local Radio: KTNQ 1020 -- 570 LA Sports -- KMBC",05/17/15,05/17/15,04:10 PM,07:10 PM,FALSE,TRUE,05/17/15,12:10 PM,03:10 PM,FREE,BUSY
05/19/15,07:15 PM,10:15 PM,Dodgers at Giants,AT&T Park,"Local TV: SNLA Spanish -- SportsNet LA ----- Local Radio: 570 LA Sports -- KTNQ 1020 -- KMBC",05/19/15,05/20/15,10:15 PM,01:15 AM,FALSE,TRUE,05/19/15,06:15 PM,09:15 PM,FREE,BUSY
05/20/15,07:15 PM,10:15 PM,Dodgers at Giants,AT&T Park,"Local TV: SNLA Spanish -- SportsNet LA ----- Local Radio: KTNQ 1020 -- 570 LA Sports",05/20/15,05/21/15,10:15 PM,01:15 AM,FALSE,TRUE,05/20/15,06:15 PM,09:15 PM,FREE,BUSY
05/21/15,12:45 PM,03:45 PM,Dodgers at Giants,AT&T Park,"Local TV: SportsNet LA -- SNLA Spanish ----- Local Radio: KTNQ 1020 -- 570 LA Sports",05/21/15,05/21/15,03:45 PM,06:45 PM,FALSE,TRUE,05/21/15,11:45 AM,02:45 PM,FREE,BUSY
05/22/15,07:10 PM,10:10 PM,Padres at Dodgers,Dodger Stadium,"Local TV: SNLA Spanish -- SportsNet LA ----- Local Radio: KTNQ 1020 -- 570 LA Sports -- KMBC",05/22/15,05/23/15,10:10 PM,01:10 AM,FALSE,TRUE,05/22/15,06:10 PM,09:10 PM,FREE,BUSY
05/23/15,07:10 PM,10:10 PM,Padres at Dodgers,Dodger Stadium,"Local TV: SNLA Spanish -- SportsNet LA ----- Local Radio: 570 LA Sports -- KMBC -- KTNQ 1020",05/23/15,05/24/15,10:10 PM,01:10 AM,FALSE,TRUE,05/23/15,06:10 PM,09:10 PM,FREE,BUSY
05/24/15,01:10 PM,04:10 PM,Padres at Dodgers,Dodger Stadium,"Local TV: SportsNet LA -- SNLA Spanish ----- Local Radio: 570 LA Sports -- KTNQ 1020 -- KMBC",05/24/15,05/24/15,04:10 PM,07:10 PM,FALSE,TRUE,05/24/15,12:10 PM,03:10 PM,FREE,BUSY
05/25/15,05:10 PM,08:10 PM,Braves at Dodgers,Dodger Stadium,"Local TV: SNLA Spanish -- SportsNet LA ----- Local Radio: KTNQ 1020 -- 570 LA Sports",05/25/15,05/25/15,08:10 PM,11:10 PM,FALSE,TRUE,05/25/15,04:10 PM,07:10 PM,FREE,BUSY
05/26/15,07:10 PM,10:10 PM,Braves at Dodgers,Dodger Stadium,"Local TV: SNLA Spanish -- SportsNet LA ----- Local Radio: KTNQ 1020 -- 570 LA Sports",05/26/15,05/27/15,10:10 PM,01:10 AM,FALSE,TRUE,05/26/15,06:10 PM,09:10 PM,FREE,BUSY
05/27/15,07:10 PM,10:10 PM,Braves at Dodgers,Dodger Stadium,"Local TV: SportsNet LA -- SNLA Spanish ----- Local Radio: KTNQ 1020 -- 570 LA Sports",05/27/15,05/28/15,10:10 PM,01:10 AM,FALSE,TRUE,05/27/15,06:10 PM,09:10 PM,FREE,BUSY
05/29/15,05:15 PM,08:15 PM,Dodgers at Cardinals,Busch Stadium,"Local TV: SportsNet LA -- SNLA Spanish ----- Local Radio: KTNQ 1020 -- 570 LA Sports -- KMBC",05/29/15,05/29/15,08:15 PM,11:15 PM,FALSE,TRUE,05/29/15,04:15 PM,07:15 PM,FREE,BUSY
05/30/15,04:15 PM,07:15 PM,Dodgers at Cardinals,Busch Stadium,"Local TV: FOX -- SNLA Spanish ----- Local Radio: KTNQ 1020 -- 570 LA Sports -- KMBC",05/30/15,05/30/15,07:15 PM,10:15 PM,FALSE,TRUE,05/30/15,03:15 PM,06:15 PM,FREE,BUSY
05/31/15,11:15 AM,02:15 PM,Dodgers at Cardinals,Busch Stadium,"Local TV: SNLA Spanish -- SportsNet LA ----- Local Radio: KTNQ 1020 -- KMBC -- 570 LA Sports",05/31/15,05/31/15,02:15 PM,05:15 PM,FALSE,TRUE,05/31/15,10:15 AM,01:15 PM,FREE,BUSY
06/01/15,05:40 PM,08:40 PM,Dodgers at Rockies,Coors Field,"Local TV: SportsNet LA -- SNLA Spanish ----- Local Radio: 570 LA Sports -- KTNQ 1020",06/01/15,06/01/15,08:40 PM,11:40 PM,FALSE,TRUE,06/01/15,04:40 PM,07:40 PM,FREE,BUSY
06/02/15,05:40 PM,08:40 PM,Dodgers at Rockies,Coors Field,"Local TV: SportsNet LA -- SNLA Spanish ----- Local Radio: 570 LA Sports -- KTNQ 1020",06/02/15,06/02/15,08:40 PM,11:40 PM,FALSE,TRUE,06/02/15,04:40 PM,07:40 PM,FREE,BUSY
06/03/15,05:10 PM,08:10 PM,Dodgers at Rockies,Coors Field,"Local TV: SNLA Spanish -- SportsNet LA ----- Local Radio: 570 LA Sports -- KTNQ 1020",06/03/15,06/03/15,08:10 PM,11:10 PM,FALSE,TRUE,06/03/15,04:10 PM,07:10 PM,FREE,BUSY
06/04/15,07:10 PM,10:10 PM,Cardinals at Dodgers,Dodger Stadium,"Local TV: SNLA Spanish -- SportsNet LA ----- Local Radio: KTNQ 1020 -- 570 LA Sports",06/04/15,06/05/15,10:10 PM,01:10 AM,FALSE,TRUE,06/04/15,06:10 PM,09:10 PM,FREE,BUSY
06/05/15,07:10 PM,10:10 PM,Cardinals at Dodgers,Dodger Stadium,"Local TV: SNLA Spanish -- SportsNet LA ----- Local Radio: KTNQ 1020 -- 570 LA Sports",06/05/15,06/06/15,10:10 PM,01:10 AM,FALSE,TRUE,06/05/15,06:10 PM,09:10 PM,FREE,BUSY
06/06/15,07:10 PM,10:10 PM,Cardinals at Dodgers,Dodger Stadium,"Local TV: SNLA Spanish -- SportsNet LA ----- Local Radio: KTNQ 1020 -- KMBC -- 570 LA Sports",06/06/15,06/07/15,10:10 PM,01:10 AM,FALSE,TRUE,06/06/15,06:10 PM,09:10 PM,FREE,BUSY
06/07/15,03:33 AM,03:33 AM,Cardinals at Dodgers,Dodger Stadium,"Local TV: SNLA Spanish -- SportsNet LA ----- Local Radio: KMBC -- KTNQ 1020 -- 570 LA Sports",06/07/15,06/07/15,06:33 AM,06:33 AM,FALSE,TRUE,06/07/15,02:33 AM,02:33 AM,FREE,BUSY
06/08/15,07:10 PM,10:10 PM,D-backs at Dodgers,Dodger Stadium,"Local TV: SNLA Spanish -- SportsNet LA ----- Local Radio: 570 LA Sports -- KTNQ 1020",06/08/15,06/09/15,10:10 PM,01:10 AM,FALSE,TRUE,06/08/15,06:10 PM,09:10 PM,FREE,BUSY
06/09/15,07:10 PM,10:10 PM,D-backs at Dodgers,Dodger Stadium,"Local TV: SportsNet LA -- SNLA Spanish ----- Local Radio: 570 LA Sports -- KTNQ 1020",06/09/15,06/10/15,10:10 PM,01:10 AM,FALSE,TRUE,06/09/15,06:10 PM,09:10 PM,FREE,BUSY
06/10/15,07:10 PM,10:10 PM,D-backs at Dodgers,Dodger Stadium,"Local TV: SNLA Spanish -- SportsNet LA ----- Local Radio: KTNQ 1020 -- 570 LA Sports",06/10/15,06/11/15,10:10 PM,01:10 AM,FALSE,TRUE,06/10/15,06:10 PM,09:10 PM,FREE,BUSY
06/12/15,07:10 PM,10:10 PM,Dodgers at Padres,Petco Park,"Local TV: SportsNet LA -- SNLA Spanish ----- Local Radio: KMBC -- 570 LA Sports -- KTNQ 1020",06/12/15,06/13/15,10:10 PM,01:10 AM,FALSE,TRUE,06/12/15,06:10 PM,09:10 PM,FREE,BUSY
06/13/15,07:10 PM,10:10 PM,Dodgers at Padres,Petco Park,"Local TV: SportsNet LA -- SNLA Spanish ----- Local Radio: KMBC -- KTNQ 1020 -- 570 LA Sports",06/13/15,06/14/15,10:10 PM,01:10 AM,FALSE,TRUE,06/13/15,06:10 PM,09:10 PM,FREE,BUSY
06/14/15,01:10 PM,04:10 PM,Dodgers at Padres,Petco Park,"Local TV: SNLA Spanish -- SportsNet LA ----- Local Radio: KTNQ 1020 -- 570 LA Sports -- KMBC",06/14/15,06/14/15,04:10 PM,07:10 PM,FALSE,TRUE,06/14/15,12:10 PM,03:10 PM,FREE,BUSY
06/15/15,05:05 PM,08:05 PM,Dodgers at Rangers,Globe Life Park in Arlington,"Local TV: SNLA Spanish -- SportsNet LA ----- Local Radio: KTNQ 1020 -- 570 LA Sports -- KMBC",06/15/15,06/15/15,08:05 PM,11:05 PM,FALSE,TRUE,06/15/15,04:05 PM,07:05 PM,FREE,BUSY
06/16/15,05:05 PM,08:05 PM,Dodgers at Rangers,Globe Life Park in Arlington,"Local TV: SNLA Spanish -- SportsNet LA ----- Local Radio: 570 LA Sports -- KMBC -- KTNQ 1020",06/16/15,06/16/15,08:05 PM,11:05 PM,FALSE,TRUE,06/16/15,04:05 PM,07:05 PM,FREE,BUSY
06/17/15,07:10 PM,10:10 PM,Rangers at Dodgers,Dodger Stadium,"Local TV: SNLA Spanish -- SportsNet LA ----- Local Radio: KTNQ 1020 -- 570 LA Sports",06/17/15,06/18/15,10:10 PM,01:10 AM,FALSE,TRUE,06/17/15,06:10 PM,09:10 PM,FREE,BUSY
06/18/15,07:10 PM,10:10 PM,Rangers at Dodgers,Dodger Stadium,"Local TV: SportsNet LA -- SNLA Spanish ----- Local Radio: 570 LA Sports -- KTNQ 1020",06/18/15,06/19/15,10:10 PM,01:10 AM,FALSE,TRUE,06/18/15,06:10 PM,09:10 PM,FREE,BUSY
06/19/15,07:10 PM,10:10 PM,Giants at Dodgers,Dodger Stadium,"Local TV: SNLA Spanish -- SportsNet LA ----- Local Radio: KTNQ 1020 -- 570 LA Sports",06/19/15,06/20/15,10:10 PM,01:10 AM,FALSE,TRUE,06/19/15,06:10 PM,09:10 PM,FREE,BUSY
06/20/15,04:15 PM,07:15 PM,Giants at Dodgers,Dodger Stadium,"Local TV: SNLA Spanish -- SportsNet LA ----- Local Radio: 570 LA Sports -- KTNQ 1020 -- KMBC",06/20/15,06/20/15,07:15 PM,10:15 PM,FALSE,TRUE,06/20/15,03:15 PM,06:15 PM,FREE,BUSY
06/21/15,03:33 AM,03:33 AM,Giants at Dodgers,Dodger Stadium,"Local TV: SportsNet LA -- SNLA Spanish ----- Local Radio: KMBC -- KTNQ 1020 -- 570 LA Sports",06/21/15,06/21/15,06:33 AM,06:33 AM,FALSE,TRUE,06/21/15,02:33 AM,02:33 AM,FREE,BUSY
06/22/15,05:05 PM,08:05 PM,Dodgers at Cubs,Wrigley Field,"Local TV: SNLA Spanish -- SportsNet LA ----- Local Radio: 570 LA Sports -- KTNQ 1020",06/22/15,06/22/15,08:05 PM,11:05 PM,FALSE,TRUE,06/22/15,04:05 PM,07:05 PM,FREE,BUSY
06/23/15,05:05 PM,08:05 PM,Dodgers at Cubs,Wrigley Field,"Local TV: SportsNet LA -- SNLA Spanish ----- Local Radio: 570 LA Sports -- KTNQ 1020",06/23/15,06/23/15,08:05 PM,11:05 PM,FALSE,TRUE,06/23/15,04:05 PM,07:05 PM,FREE,BUSY
06/24/15,05:05 PM,08:05 PM,Dodgers at Cubs,Wrigley Field,"Local TV: SportsNet LA -- SNLA Spanish ----- Local Radio: 570 LA Sports -- KTNQ 1020",06/24/15,06/24/15,08:05 PM,11:05 PM,FALSE,TRUE,06/24/15,04:05 PM,07:05 PM,FREE,BUSY
06/25/15,11:20 AM,02:20 PM,Dodgers at Cubs,Wrigley Field,"Local TV: SportsNet LA -- SNLA Spanish ----- Local Radio: 570 LA Sports -- KTNQ 1020",06/25/15,06/25/15,02:20 PM,05:20 PM,FALSE,TRUE,06/25/15,10:20 AM,01:20 PM,FREE,BUSY
06/26/15,04:10 PM,07:10 PM,Dodgers at Marlins,Marlins Park,"Local TV: SportsNet LA -- SNLA Spanish ----- Local Radio: 570 LA Sports -- KTNQ 1020",06/26/15,06/26/15,07:10 PM,10:10 PM,FALSE,TRUE,06/26/15,03:10 PM,06:10 PM,FREE,BUSY
06/27/15,01:10 PM,04:10 PM,Dodgers at Marlins,Marlins Park,"Local TV: SNLA Spanish -- SportsNet LA ----- Local Radio: KTNQ 1020 -- 570 LA Sports",06/27/15,06/27/15,04:10 PM,07:10 PM,FALSE,TRUE,06/27/15,12:10 PM,03:10 PM,FREE,BUSY
06/28/15,10:10 AM,01:10 PM,Dodgers at Marlins,Marlins Park,"Local TV: SNLA Spanish -- SportsNet LA ----- Local Radio: 570 LA Sports -- KMBC -- KTNQ 1020",06/28/15,06/28/15,01:10 PM,04:10 PM,FALSE,TRUE,06/28/15,09:10 AM,12:10 PM,FREE,BUSY
06/29/15,06:40 PM,09:40 PM,Dodgers at D-backs,Chase Field,"Local TV: SportsNet LA -- SNLA Spanish ----- Local Radio: KTNQ 1020 -- 570 LA Sports",06/29/15,06/30/15,09:40 PM,12:40 AM,FALSE,TRUE,06/29/15,05:40 PM,08:40 PM,FREE,BUSY
06/30/15,06:40 PM,09:40 PM,Dodgers at D-backs,Chase Field,"Local TV: SportsNet LA -- SNLA Spanish ----- Local Radio: 570 LA Sports -- KTNQ 1020",06/30/15,07/01/15,09:40 PM,12:40 AM,FALSE,TRUE,06/30/15,05:40 PM,08:40 PM,FREE,BUSY
07/01/15,06:40 PM,09:40 PM,Dodgers at D-backs,Chase Field,"Local TV: SportsNet LA -- SNLA Spanish ----- Local Radio: KTNQ 1020 -- 570 LA Sports",07/01/15,07/02/15,09:40 PM,12:40 AM,FALSE,TRUE,07/01/15,05:40 PM,08:40 PM,FREE,BUSY
07/03/15,07:10 PM,10:10 PM,Mets at Dodgers,Dodger Stadium,"Local TV: ESPN -- SportsNet LA -- SNLA Spanish ----- Local Radio: 570 LA Sports -- KTNQ 1020 -- KMBC",07/03/15,07/04/15,10:10 PM,01:10 AM,FALSE,TRUE,07/03/15,06:10 PM,09:10 PM,FREE,BUSY
07/04/15,04:15 PM,07:15 PM,Mets at Dodgers,Dodger Stadium,"Local TV: SNLA Spanish -- FOX ----- Local Radio: KMBC -- 570 LA Sports -- KTNQ 1020",07/04/15,07/04/15,07:15 PM,10:15 PM,FALSE,TRUE,07/04/15,03:15 PM,06:15 PM,FREE,BUSY
07/05/15,01:10 PM,04:10 PM,Mets at Dodgers,Dodger Stadium,"Local TV: SNLA Spanish -- SportsNet LA ----- Local Radio: KTNQ 1020 -- 570 LA Sports",07/05/15,07/05/15,04:10 PM,07:10 PM,FALSE,TRUE,07/05/15,12:10 PM,03:10 PM,FREE,BUSY
07/06/15,07:10 PM,10:10 PM,Phillies at Dodgers,Dodger Stadium,"Local TV: SNLA Spanish -- SportsNet LA ----- Local Radio: KTNQ 1020 -- 570 LA Sports",07/06/15,07/07/15,10:10 PM,01:10 AM,FALSE,TRUE,07/06/15,06:10 PM,09:10 PM,FREE,BUSY
07/07/15,07:10 PM,10:10 PM,Phillies at Dodgers,Dodger Stadium,"Local TV: SportsNet LA -- SNLA Spanish ----- Local Radio: KTNQ 1020 -- 570 LA Sports",07/07/15,07/08/15,10:10 PM,01:10 AM,FALSE,TRUE,07/07/15,06:10 PM,09:10 PM,FREE,BUSY
07/08/15,07:10 PM,10:10 PM,Phillies at Dodgers,Dodger Stadium,"Local TV: SportsNet LA -- SNLA Spanish ----- Local Radio: 570 LA Sports -- KTNQ 1020 -- KMBC",07/08/15,07/09/15,10:10 PM,01:10 AM,FALSE,TRUE,07/08/15,06:10 PM,09:10 PM,FREE,BUSY
07/09/15,07:10 PM,10:10 PM,Phillies at Dodgers,Dodger Stadium,"Local TV: SportsNet LA -- SNLA Spanish ----- Local Radio: 570 LA Sports -- KTNQ 1020",07/09/15,07/10/15,10:10 PM,01:10 AM,FALSE,TRUE,07/09/15,06:10 PM,09:10 PM,FREE,BUSY
07/10/15,07:10 PM,10:10 PM,Brewers at Dodgers,Dodger Stadium,"Local TV: SNLA Spanish -- SportsNet LA ----- Local Radio: 570 LA Sports -- KTNQ 1020",07/10/15,07/11/15,10:10 PM,01:10 AM,FALSE,TRUE,07/10/15,06:10 PM,09:10 PM,FREE,BUSY
07/11/15,07:10 PM,10:10 PM,Brewers at Dodgers,Dodger Stadium,"Local TV: SNLA Spanish -- SportsNet LA ----- Local Radio: KTNQ 1020 -- KMBC -- 570 LA Sports",07/11/15,07/12/15,10:10 PM,01:10 AM,FALSE,TRUE,07/11/15,06:10 PM,09:10 PM,FREE,BUSY
07/12/15,01:10 PM,04:10 PM,Brewers at Dodgers,Dodger Stadium,"Local TV: SportsNet LA -- SNLA Spanish ----- Local Radio: KTNQ 1020 -- 570 LA Sports -- KMBC",07/12/15,07/12/15,04:10 PM,07:10 PM,FALSE,TRUE,07/12/15,12:10 PM,03:10 PM,FREE,BUSY
07/14/15,03:33 AM,03:33 AM,AL All-Stars at NL All-Stars,Great American Ball Park,,07/14/15,07/14/15,06:33 AM,06:33 AM,FALSE,TRUE,07/14/15,02:33 AM,02:33 AM,FREE,BUSY
07/17/15,04:05 PM,07:05 PM,Dodgers at Nationals,Nationals Park,"Local TV: SportsNet LA -- SNLA Spanish ----- Local Radio: KTNQ 1020 -- 570 LA Sports",07/17/15,07/17/15,07:05 PM,10:05 PM,FALSE,TRUE,07/17/15,03:05 PM,06:05 PM,FREE,BUSY
07/18/15,01:05 PM,04:05 PM,Dodgers at Nationals,Nationals Park,"Local TV: SNLA Spanish -- SportsNet LA -- FS1 ----- Local Radio: KTNQ 1020 -- 570 LA Sports -- KMBC",07/18/15,07/18/15,04:05 PM,07:05 PM,FALSE,TRUE,07/18/15,12:05 PM,03:05 PM,FREE,BUSY
07/19/15,10:35 AM,01:35 PM,Dodgers at Nationals,Nationals Park,"Local TV: SNLA Spanish -- SportsNet LA ----- Local Radio: 570 LA Sports -- KTNQ 1020",07/19/15,07/19/15,01:35 PM,04:35 PM,FALSE,TRUE,07/19/15,09:35 AM,12:35 PM,FREE,BUSY
07/20/15,04:10 PM,07:10 PM,Dodgers at Braves,Turner Field,"Local TV: SportsNet LA -- SNLA Spanish ----- Local Radio: 570 LA Sports -- KTNQ 1020",07/20/15,07/20/15,07:10 PM,10:10 PM,FALSE,TRUE,07/20/15,03:10 PM,06:10 PM,FREE,BUSY
07/21/15,04:10 PM,07:10 PM,Dodgers at Braves,Turner Field,"Local TV: SNLA Spanish -- SportsNet LA ----- Local Radio: 570 LA Sports -- KMBC -- KTNQ 1020",07/21/15,07/21/15,07:10 PM,10:10 PM,FALSE,TRUE,07/21/15,03:10 PM,06:10 PM,FREE,BUSY
07/22/15,09:10 AM,12:10 PM,Dodgers at Braves,Turner Field,"Local TV: SNLA Spanish -- SportsNet LA ----- Local Radio: 570 LA Sports -- KTNQ 1020",07/22/15,07/22/15,12:10 PM,03:10 PM,FALSE,TRUE,07/22/15,08:10 AM,11:10 AM,FREE,BUSY
07/23/15,04:10 PM,07:10 PM,Dodgers at Mets,Citi Field,"Local TV: SportsNet LA -- SNLA Spanish ----- Local Radio: 570 LA Sports -- KTNQ 1020",07/23/15,07/23/15,07:10 PM,10:10 PM,FALSE,TRUE,07/23/15,03:10 PM,06:10 PM,FREE,BUSY
07/24/15,04:10 PM,07:10 PM,Dodgers at Mets,Citi Field,"Local TV: SNLA Spanish -- SportsNet LA ----- Local Radio: KTNQ 1020 -- 570 LA Sports",07/24/15,07/24/15,07:10 PM,10:10 PM,FALSE,TRUE,07/24/15,03:10 PM,06:10 PM,FREE,BUSY
07/25/15,04:10 PM,07:10 PM,Dodgers at Mets,Citi Field,"Local TV: SportsNet LA -- SNLA Spanish ----- Local Radio: 570 LA Sports -- KTNQ 1020 -- KMBC",07/25/15,07/25/15,07:10 PM,10:10 PM,FALSE,TRUE,07/25/15,03:10 PM,06:10 PM,FREE,BUSY
07/26/15,10:10 AM,01:10 PM,Dodgers at Mets,Citi Field,"Local TV: SNLA Spanish -- SportsNet LA ----- Local Radio: 570 LA Sports -- KTNQ 1020",07/26/15,07/26/15,01:10 PM,04:10 PM,FALSE,TRUE,07/26/15,09:10 AM,12:10 PM,FREE,BUSY
07/28/15,07:10 PM,10:10 PM,Athletics at Dodgers,Dodger Stadium,"Local TV: SNLA Spanish -- SportsNet LA ----- Local Radio: 570 LA Sports -- KTNQ 1020",07/28/15,07/29/15,10:10 PM,01:10 AM,FALSE,TRUE,07/28/15,06:10 PM,09:10 PM,FREE,BUSY
07/29/15,07:10 PM,10:10 PM,Athletics at Dodgers,Dodger Stadium,"Local TV: SNLA Spanish -- SportsNet LA ----- Local Radio: KTNQ 1020 -- 570 LA Sports",07/29/15,07/30/15,10:10 PM,01:10 AM,FALSE,TRUE,07/29/15,06:10 PM,09:10 PM,FREE,BUSY
07/31/15,07:10 PM,10:10 PM,Angels at Dodgers,Dodger Stadium,"Local TV: SNLA Spanish -- SportsNet LA ----- Local Radio: KMBC -- KTNQ 1020 -- 570 LA Sports",07/31/15,08/01/15,10:10 PM,01:10 AM,FALSE,TRUE,07/31/15,06:10 PM,09:10 PM,FREE,BUSY
08/01/15,01:05 PM,04:05 PM,Angels at Dodgers,Dodger Stadium,"Local TV: SNLA Spanish -- SportsNet LA -- FS1 ----- Local Radio: KMBC -- KTNQ 1020 -- 570 LA Sports",08/01/15,08/01/15,04:05 PM,07:05 PM,FALSE,TRUE,08/01/15,12:05 PM,03:05 PM,FREE,BUSY
08/02/15,03:33 AM,03:33 AM,Angels at Dodgers,Dodger Stadium,"Local TV: SNLA Spanish -- SportsNet LA ----- Local Radio: KMBC -- 570 LA Sports -- KTNQ 1020",08/02/15,08/02/15,06:33 AM,06:33 AM,FALSE,TRUE,08/02/15,02:33 AM,02:33 AM,FREE,BUSY
08/04/15,04:05 PM,07:05 PM,Dodgers at Phillies,Citizens Bank Park,"Local TV: SportsNet LA -- SNLA Spanish ----- Local Radio: KTNQ 1020 -- 570 LA Sports",08/04/15,08/04/15,07:05 PM,10:05 PM,FALSE,TRUE,08/04/15,03:05 PM,06:05 PM,FREE,BUSY
08/05/15,04:05 PM,07:05 PM,Dodgers at Phillies,Citizens Bank Park,"Local TV: SportsNet LA -- SNLA Spanish ----- Local Radio: KMBC -- 570 LA Sports -- KTNQ 1020",08/05/15,08/05/15,07:05 PM,10:05 PM,FALSE,TRUE,08/05/15,03:05 PM,06:05 PM,FREE,BUSY
08/06/15,10:05 AM,01:05 PM,Dodgers at Phillies,Citizens Bank Park,"Local TV: SportsNet LA -- SNLA Spanish ----- Local Radio: KTNQ 1020 -- 570 LA Sports",08/06/15,08/06/15,01:05 PM,04:05 PM,FALSE,TRUE,08/06/15,09:05 AM,12:05 PM,FREE,BUSY
08/07/15,04:05 PM,07:05 PM,Dodgers at Pirates,PNC Park,"Local TV: SportsNet LA -- SNLA Spanish ----- Local Radio: KMBC -- KTNQ 1020 -- 570 LA Sports",08/07/15,08/07/15,07:05 PM,10:05 PM,FALSE,TRUE,08/07/15,03:05 PM,06:05 PM,FREE,BUSY
08/08/15,01:05 PM,04:05 PM,Dodgers at Pirates,PNC Park,"Local TV: SNLA Spanish -- SportsNet LA -- FS1 ----- Local Radio: 570 LA Sports -- KTNQ 1020 -- KMBC",08/08/15,08/08/15,04:05 PM,07:05 PM,FALSE,TRUE,08/08/15,12:05 PM,03:05 PM,FREE,BUSY
08/09/15,10:35 AM,01:35 PM,Dodgers at Pirates,PNC Park,"Local TV: SportsNet LA -- SNLA Spanish ----- Local Radio: 570 LA Sports -- KTNQ 1020 -- KMBC",08/09/15,08/09/15,01:35 PM,04:35 PM,FALSE,TRUE,08/09/15,09:35 AM,12:35 PM,FREE,BUSY
08/10/15,07:10 PM,10:10 PM,Nationals at Dodgers,Dodger Stadium,"Local TV: SNLA Spanish -- SportsNet LA ----- Local Radio: 570 LA Sports -- KTNQ 1020",08/10/15,08/11/15,10:10 PM,01:10 AM,FALSE,TRUE,08/10/15,06:10 PM,09:10 PM,FREE,BUSY
08/11/15,07:10 PM,10:10 PM,Nationals at Dodgers,Dodger Stadium,"Local TV: SNLA Spanish -- SportsNet LA ----- Local Radio: KTNQ 1020 -- 570 LA Sports",08/11/15,08/12/15,10:10 PM,01:10 AM,FALSE,TRUE,08/11/15,06:10 PM,09:10 PM,FREE,BUSY
08/12/15,07:10 PM,10:10 PM,Nationals at Dodgers,Dodger Stadium,"Local TV: SportsNet LA -- SNLA Spanish ----- Local Radio: 570 LA Sports -- KTNQ 1020 -- KMBC",08/12/15,08/13/15,10:10 PM,01:10 AM,FALSE,TRUE,08/12/15,06:10 PM,09:10 PM,FREE,BUSY
08/13/15,07:10 PM,10:10 PM,Reds at Dodgers,Dodger Stadium,"Local TV: SportsNet LA -- SNLA Spanish ----- Local Radio: 570 LA Sports -- KTNQ 1020",08/13/15,08/14/15,10:10 PM,01:10 AM,FALSE,TRUE,08/13/15,06:10 PM,09:10 PM,FREE,BUSY
08/14/15,07:10 PM,10:10 PM,Reds at Dodgers,Dodger Stadium,"Local TV: SNLA Spanish -- SportsNet LA ----- Local Radio: 570 LA Sports -- KTNQ 1020",08/14/15,08/15/15,10:10 PM,01:10 AM,FALSE,TRUE,08/14/15,06:10 PM,09:10 PM,FREE,BUSY
08/15/15,06:10 PM,09:10 PM,Reds at Dodgers,Dodger Stadium,"Local TV: SNLA Spanish -- SportsNet LA ----- Local Radio: 570 LA Sports -- KTNQ 1020 -- KMBC",08/15/15,08/16/15,09:10 PM,12:10 AM,FALSE,TRUE,08/15/15,05:10 PM,08:10 PM,FREE,BUSY
08/16/15,01:10 PM,04:10 PM,Reds at Dodgers,Dodger Stadium,"Local TV: SNLA Spanish -- SportsNet LA ----- Local Radio: 570 LA Sports -- KTNQ 1020",08/16/15,08/16/15,04:10 PM,07:10 PM,FALSE,TRUE,08/16/15,12:10 PM,03:10 PM,FREE,BUSY
08/18/15,07:05 PM,10:05 PM,Dodgers at Athletics,O.co Coliseum,"Local TV: SportsNet LA -- SNLA Spanish ----- Local Radio: 570 LA Sports -- KTNQ 1020",08/18/15,08/19/15,10:05 PM,01:05 AM,FALSE,TRUE,08/18/15,06:05 PM,09:05 PM,FREE,BUSY
08/19/15,12:35 PM,03:35 PM,Dodgers at Athletics,O.co Coliseum,"Local TV: SportsNet LA -- SNLA Spanish ----- Local Radio: 570 LA Sports -- KTNQ 1020",08/19/15,08/19/15,03:35 PM,06:35 PM,FALSE,TRUE,08/19/15,11:35 AM,02:35 PM,FREE,BUSY
08/21/15,05:10 PM,08:10 PM,Dodgers at Astros,Minute Maid Park,"Local TV: SNLA Spanish -- SportsNet LA ----- Local Radio: 570 LA Sports -- KTNQ 1020",08/21/15,08/21/15,08:10 PM,11:10 PM,FALSE,TRUE,08/21/15,04:10 PM,07:10 PM,FREE,BUSY
08/22/15,04:10 PM,07:10 PM,Dodgers at Astros,Minute Maid Park,"Local TV: SNLA Spanish -- SportsNet LA ----- Local Radio: KTNQ 1020 -- 570 LA Sports",08/22/15,08/22/15,07:10 PM,10:10 PM,FALSE,TRUE,08/22/15,03:10 PM,06:10 PM,FREE,BUSY
08/23/15,11:10 AM,02:10 PM,Dodgers at Astros,Minute Maid Park,"Local TV: SportsNet LA -- SNLA Spanish ----- Local Radio: KTNQ 1020 -- 570 LA Sports",08/23/15,08/23/15,02:10 PM,05:10 PM,FALSE,TRUE,08/23/15,10:10 AM,01:10 PM,FREE,BUSY
08/25/15,04:10 PM,07:10 PM,Dodgers at Reds,Great American Ball Park,"Local TV: SportsNet LA -- SNLA Spanish ----- Local Radio: KTNQ 1020 -- 570 LA Sports",08/25/15,08/25/15,07:10 PM,10:10 PM,FALSE,TRUE,08/25/15,03:10 PM,06:10 PM,FREE,BUSY
08/26/15,04:10 PM,07:10 PM,Dodgers at Reds,Great American Ball Park,"Local TV: SportsNet LA -- SNLA Spanish ----- Local Radio: 570 LA Sports -- KTNQ 1020",08/26/15,08/26/15,07:10 PM,10:10 PM,FALSE,TRUE,08/26/15,03:10 PM,06:10 PM,FREE,BUSY
08/27/15,09:35 AM,12:35 PM,Dodgers at Reds,Great American Ball Park,"Local TV: SportsNet LA -- SNLA Spanish ----- Local Radio: 570 LA Sports -- KTNQ 1020",08/27/15,08/27/15,12:35 PM,03:35 PM,FALSE,TRUE,08/27/15,08:35 AM,11:35 AM,FREE,BUSY
08/28/15,07:10 PM,10:10 PM,Cubs at Dodgers,Dodger Stadium,"Local TV: SNLA Spanish -- SportsNet LA ----- Local Radio: 570 LA Sports -- KTNQ 1020",08/28/15,08/29/15,10:10 PM,01:10 AM,FALSE,TRUE,08/28/15,06:10 PM,09:10 PM,FREE,BUSY
08/29/15,06:10 PM,09:10 PM,Cubs at Dodgers,Dodger Stadium,"Local TV: SportsNet LA -- SNLA Spanish ----- Local Radio: KMBC -- KTNQ 1020 -- 570 LA Sports",08/29/15,08/30/15,09:10 PM,12:10 AM,FALSE,TRUE,08/29/15,05:10 PM,08:10 PM,FREE,BUSY
08/30/15,03:33 AM,03:33 AM,Cubs at Dodgers,Dodger Stadium,"Local TV: SNLA Spanish -- SportsNet LA ----- Local Radio: 570 LA Sports -- KTNQ 1020",08/30/15,08/30/15,06:33 AM,06:33 AM,FALSE,TRUE,08/30/15,02:33 AM,02:33 AM,FREE,BUSY
08/31/15,07:10 PM,10:10 PM,Giants at Dodgers,Dodger Stadium,"Local TV: SNLA Spanish -- SportsNet LA ----- Local Radio: 570 LA Sports -- KTNQ 1020 -- KMBC",08/31/15,09/01/15,10:10 PM,01:10 AM,FALSE,TRUE,08/31/15,06:10 PM,09:10 PM,FREE,BUSY
09/01/15,07:10 PM,10:10 PM,Giants at Dodgers,Dodger Stadium,"Local TV: SportsNet LA -- SNLA Spanish ----- Local Radio: KTNQ 1020 -- 570 LA Sports -- KMBC",09/01/15,09/02/15,10:10 PM,01:10 AM,FALSE,TRUE,09/01/15,06:10 PM,09:10 PM,FREE,BUSY
09/02/15,07:10 PM,10:10 PM,Giants at Dodgers,Dodger Stadium,"Local TV: SportsNet LA -- SNLA Spanish ----- Local Radio: KMBC -- 570 LA Sports -- KTNQ 1020",09/02/15,09/03/15,10:10 PM,01:10 AM,FALSE,TRUE,09/02/15,06:10 PM,09:10 PM,FREE,BUSY
09/03/15,07:10 PM,10:10 PM,Dodgers at Padres,Petco Park,"Local TV: SNLA Spanish -- SportsNet LA ----- Local Radio: KTNQ 1020 -- KMBC -- 570 LA Sports",09/03/15,09/04/15,10:10 PM,01:10 AM,FALSE,TRUE,09/03/15,06:10 PM,09:10 PM,FREE,BUSY
09/04/15,07:10 PM,10:10 PM,Dodgers at Padres,Petco Park,"Local TV: SportsNet LA -- SNLA Spanish ----- Local Radio: KTNQ 1020 -- 570 LA Sports -- KMBC",09/04/15,09/05/15,10:10 PM,01:10 AM,FALSE,TRUE,09/04/15,06:10 PM,09:10 PM,FREE,BUSY
09/05/15,05:40 PM,08:40 PM,Dodgers at Padres,Petco Park,"Local TV: SNLA Spanish -- SportsNet LA ----- Local Radio: KMBC -- 570 LA Sports -- KTNQ 1020",09/05/15,09/05/15,08:40 PM,11:40 PM,FALSE,TRUE,09/05/15,04:40 PM,07:40 PM,FREE,BUSY
09/06/15,01:10 PM,04:10 PM,Dodgers at Padres,Petco Park,"Local TV: SportsNet LA -- SNLA Spanish ----- Local Radio: 570 LA Sports -- KTNQ 1020 -- KMBC",09/06/15,09/06/15,04:10 PM,07:10 PM,FALSE,TRUE,09/06/15,12:10 PM,03:10 PM,FREE,BUSY
09/07/15,06:05 PM,09:05 PM,Dodgers at Angels,Angel Stadium of Anaheim,"Local TV: SNLA Spanish -- SportsNet LA ----- Local Radio: KTNQ 1020 -- KMBC -- 570 LA Sports",09/07/15,09/08/15,09:05 PM,12:05 AM,FALSE,TRUE,09/07/15,05:05 PM,08:05 PM,FREE,BUSY
09/08/15,07:05 PM,10:05 PM,Dodgers at Angels,Angel Stadium of Anaheim,"Local TV: SportsNet LA -- SNLA Spanish ----- Local Radio: KTNQ 1020 -- KMBC -- 570 LA Sports",09/08/15,09/09/15,10:05 PM,01:05 AM,FALSE,TRUE,09/08/15,06:05 PM,09:05 PM,FREE,BUSY
09/09/15,07:05 PM,10:05 PM,Dodgers at Angels,Angel Stadium of Anaheim,"Local TV: SportsNet LA -- SNLA Spanish ----- Local Radio: 570 LA Sports -- KTNQ 1020 -- KMBC",09/09/15,09/10/15,10:05 PM,01:05 AM,FALSE,TRUE,09/09/15,06:05 PM,09:05 PM,FREE,BUSY
09/11/15,06:40 PM,09:40 PM,Dodgers at D-backs,Chase Field,"Local TV: SNLA Spanish -- SportsNet LA ----- Local Radio: 570 LA Sports -- KTNQ 1020",09/11/15,09/12/15,09:40 PM,12:40 AM,FALSE,TRUE,09/11/15,05:40 PM,08:40 PM,FREE,BUSY
09/12/15,05:10 PM,08:10 PM,Dodgers at D-backs,Chase Field,"Local TV: SNLA Spanish -- SportsNet LA ----- Local Radio: KTNQ 1020 -- 570 LA Sports",09/12/15,09/12/15,08:10 PM,11:10 PM,FALSE,TRUE,09/12/15,04:10 PM,07:10 PM,FREE,BUSY
09/13/15,01:10 PM,04:10 PM,Dodgers at D-backs,Chase Field,"Local TV: SportsNet LA -- SNLA Spanish ----- Local Radio: KTNQ 1020 -- 570 LA Sports",09/13/15,09/13/15,04:10 PM,07:10 PM,FALSE,TRUE,09/13/15,12:10 PM,03:10 PM,FREE,BUSY
09/14/15,07:10 PM,10:10 PM,Rockies at Dodgers,Dodger Stadium,"Local TV: SNLA Spanish -- SportsNet LA ----- Local Radio: KTNQ 1020 -- 570 LA Sports",09/14/15,09/15/15,10:10 PM,01:10 AM,FALSE,TRUE,09/14/15,06:10 PM,09:10 PM,FREE,BUSY
09/15/15,07:10 PM,10:10 PM,Rockies at Dodgers,Dodger Stadium,"Local TV: SportsNet LA -- SNLA Spanish ----- Local Radio: 570 LA Sports -- KTNQ 1020",09/15/15,09/16/15,10:10 PM,01:10 AM,FALSE,TRUE,09/15/15,06:10 PM,09:10 PM,FREE,BUSY
09/16/15,07:10 PM,10:10 PM,Rockies at Dodgers,Dodger Stadium,"Local TV: SportsNet LA -- SNLA Spanish ----- Local Radio: 570 LA Sports -- KTNQ 1020",09/16/15,09/17/15,10:10 PM,01:10 AM,FALSE,TRUE,09/16/15,06:10 PM,09:10 PM,FREE,BUSY
09/18/15,07:10 PM,10:10 PM,Pirates at Dodgers,Dodger Stadium,"Local TV: SNLA Spanish -- SportsNet LA ----- Local Radio: KMBC -- 570 LA Sports -- KTNQ 1020",09/18/15,09/19/15,10:10 PM,01:10 AM,FALSE,TRUE,09/18/15,06:10 PM,09:10 PM,FREE,BUSY
09/19/15,06:10 PM,09:10 PM,Pirates at Dodgers,Dodger Stadium,"Local TV: SNLA Spanish -- SportsNet LA ----- Local Radio: KTNQ 1020 -- 570 LA Sports -- KMBC",09/19/15,09/20/15,09:10 PM,12:10 AM,FALSE,TRUE,09/19/15,05:10 PM,08:10 PM,FREE,BUSY
09/20/15,01:10 PM,04:10 PM,Pirates at Dodgers,Dodger Stadium,"Local TV: SNLA Spanish -- SportsNet LA ----- Local Radio: 570 LA Sports -- KTNQ 1020 -- KMBC",09/20/15,09/20/15,04:10 PM,07:10 PM,FALSE,TRUE,09/20/15,12:10 PM,03:10 PM,FREE,BUSY
09/21/15,07:10 PM,10:10 PM,D-backs at Dodgers,Dodger Stadium,"Local TV: SportsNet LA -- SNLA Spanish ----- Local Radio: 570 LA Sports -- KTNQ 1020",09/21/15,09/22/15,10:10 PM,01:10 AM,FALSE,TRUE,09/21/15,06:10 PM,09:10 PM,FREE,BUSY
09/22/15,07:10 PM,10:10 PM,D-backs at Dodgers,Dodger Stadium,"Local TV: SportsNet LA -- SNLA Spanish ----- Local Radio: KTNQ 1020 -- 570 LA Sports",09/22/15,09/23/15,10:10 PM,01:10 AM,FALSE,TRUE,09/22/15,06:10 PM,09:10 PM,FREE,BUSY
09/23/15,07:10 PM,10:10 PM,D-backs at Dodgers,Dodger Stadium,"Local TV: SNLA Spanish -- SportsNet LA ----- Local Radio: KTNQ 1020 -- 570 LA Sports",09/23/15,09/24/15,10:10 PM,01:10 AM,FALSE,TRUE,09/23/15,06:10 PM,09:10 PM,FREE,BUSY
09/24/15,03:33 AM,03:33 AM,D-backs at Dodgers,Dodger Stadium,"Local TV: SNLA Spanish -- SportsNet LA ----- Local Radio: 570 LA Sports -- KTNQ 1020",09/24/15,09/24/15,06:33 AM,06:33 AM,FALSE,TRUE,09/24/15,02:33 AM,02:33 AM,FREE,BUSY
09/25/15,05:10 PM,08:10 PM,Dodgers at Rockies,Coors Field,"Local TV: SportsNet LA -- SNLA Spanish ----- Local Radio: 570 LA Sports -- KTNQ 1020",09/25/15,09/25/15,08:10 PM,11:10 PM,FALSE,TRUE,09/25/15,04:10 PM,07:10 PM,FREE,BUSY
09/26/15,05:10 PM,08:10 PM,Dodgers at Rockies,Coors Field,"Local TV: SNLA Spanish -- SportsNet LA ----- Local Radio: 570 LA Sports -- KTNQ 1020",09/26/15,09/26/15,08:10 PM,11:10 PM,FALSE,TRUE,09/26/15,04:10 PM,07:10 PM,FREE,BUSY
09/27/15,01:10 PM,04:10 PM,Dodgers at Rockies,Coors Field,"Local TV: SportsNet LA -- SNLA Spanish ----- Local Radio: KTNQ 1020 -- 570 LA Sports",09/27/15,09/27/15,04:10 PM,07:10 PM,FALSE,TRUE,09/27/15,12:10 PM,03:10 PM,FREE,BUSY
09/28/15,07:15 PM,10:15 PM,Dodgers at Giants,AT&T Park,"Local TV: SNLA Spanish -- SportsNet LA ----- Local Radio: KTNQ 1020 -- 570 LA Sports",09/28/15,09/29/15,10:15 PM,01:15 AM,FALSE,TRUE,09/28/15,06:15 PM,09:15 PM,FREE,BUSY
09/29/15,07:15 PM,10:15 PM,Dodgers at Giants,AT&T Park,"Local TV: SportsNet LA -- SNLA Spanish ----- Local Radio: KMBC -- KTNQ 1020 -- 570 LA Sports",09/29/15,09/30/15,10:15 PM,01:15 AM,FALSE,TRUE,09/29/15,06:15 PM,09:15 PM,FREE,BUSY
09/30/15,07:15 PM,10:15 PM,Dodgers at Giants,AT&T Park,"Local TV: SportsNet LA -- SNLA Spanish ----- Local Radio: 570 LA Sports -- KTNQ 1020 -- KMBC",09/30/15,10/01/15,10:15 PM,01:15 AM,FALSE,TRUE,09/30/15,06:15 PM,09:15 PM,FREE,BUSY
10/01/15,12:45 PM,03:45 PM,Dodgers at Giants,AT&T Park,"Local TV: SportsNet LA -- SNLA Spanish ----- Local Radio: 570 LA Sports -- KTNQ 1020",10/01/15,10/01/15,03:45 PM,06:45 PM,FALSE,TRUE,10/01/15,11:45 AM,02:45 PM,FREE,BUSY
10/02/15,07:10 PM,10:10 PM,Padres at Dodgers,Dodger Stadium,"Local TV: SNLA Spanish -- SportsNet LA ----- Local Radio: KMBC -- 570 LA Sports -- KTNQ 1020",10/02/15,10/03/15,10:10 PM,01:10 AM,FALSE,TRUE,10/02/15,06:10 PM,09:10 PM,FREE,BUSY
10/03/15,06:10 PM,09:10 PM,Padres at Dodgers,Dodger Stadium,"Local TV: SNLA Spanish -- SportsNet LA ----- Local Radio: 570 LA Sports -- KTNQ 1020 -- KMBC",10/03/15,10/04/15,09:10 PM,12:10 AM,FALSE,TRUE,10/03/15,05:10 PM,08:10 PM,FREE,BUSY
10/04/15,12:10 PM,03:10 PM,Padres at Dodgers,Dodger Stadium,"Local TV: SNLA Spanish -- SportsNet LA ----- Local Radio: KMBC -- 570 LA Sports -- KTNQ 1020",10/04/15,10/04/15,03:10 PM,06:10 PM,FALSE,TRUE,10/04/15,11:10 AM,02:10 PM,FREE,BUSY